{
"frames": 
{

"panel.png":
{
	"frame": {"x":540,"y":20,"w":370,"h":400},
	"rotated": false,
	"trimmed": false,
	"spriteSourceSize": {"x":0,"y":0,"w":370,"h":400},
	"sourceSize": {"w":370,"h":400}
},
"btn.png":
{
	"frame": {"x":780,"y":450,"w":130,"h":65},
	"rotated": false,
	"trimmed": false,
	"spriteSourceSize": {"x":0,"y":0,"w":130,"h":65},
	"sourceSize": {"w":130,"h":65}
},
"bc1.png":
{
	"frame": {"x":1,"y":1,"w":36,"h":90},
	"rotated": false,
	"trimmed": false,
	"spriteSourceSize": {"x":0,"y":0,"w":36,"h":90},
	"sourceSize": {"w":36,"h":90}
},
"sounda.png":
{
	"frame": {"x":356,"y":409,"w":130,"h":65},
	"rotated": false,
	"trimmed": false,
	"spriteSourceSize": {"x":0,"y":0,"w":130,"h":65},
	"sourceSize": {"w":130,"h":65}
},
"bc2.png":
{
	"frame": {"x":39,"y":1,"w":36,"h":90},
	"rotated": false,
	"trimmed": false,
	"spriteSourceSize": {"x":0,"y":0,"w":36,"h":90},
	"sourceSize": {"w":36,"h":90}
},
"bc3.png":
{
	"frame": {"x":77,"y":1,"w":36,"h":90},
	"rotated": false,
	"trimmed": false,
	"spriteSourceSize": {"x":0,"y":0,"w":36,"h":90},
	"sourceSize": {"w":36,"h":90}
},
"bm1.png":
{
	"frame": {"x":115,"y":1,"w":36,"h":90},
	"rotated": false,
	"trimmed": false,
	"spriteSourceSize": {"x":0,"y":0,"w":36,"h":90},
	"sourceSize": {"w":36,"h":90}
},
"bm2.png":
{
	"frame": {"x":153,"y":1,"w":36,"h":90},
	"rotated": false,
	"trimmed": false,
	"spriteSourceSize": {"x":0,"y":0,"w":36,"h":90},
	"sourceSize": {"w":36,"h":90}
},
"bm3.png":
{
	"frame": {"x":191,"y":1,"w":36,"h":90},
	"rotated": false,
	"trimmed": false,
	"spriteSourceSize": {"x":0,"y":0,"w":36,"h":90},
	"sourceSize": {"w":36,"h":90}
},
"bs1.png":
{
	"frame": {"x":229,"y":1,"w":36,"h":90},
	"rotated": false,
	"trimmed": false,
	"spriteSourceSize": {"x":0,"y":0,"w":36,"h":90},
	"sourceSize": {"w":36,"h":90}
},
"bs2.png":
{
	"frame": {"x":267,"y":1,"w":36,"h":90},
	"rotated": false,
	"trimmed": false,
	"spriteSourceSize": {"x":0,"y":0,"w":36,"h":90},
	"sourceSize": {"w":36,"h":90}
},
"bs3.png":
{
	"frame": {"x":305,"y":1,"w":36,"h":90},
	"rotated": false,
	"trimmed": false,
	"spriteSourceSize": {"x":0,"y":0,"w":36,"h":90},
	"sourceSize": {"w":36,"h":90}
},
"by1.png":
{
	"frame": {"x":343,"y":1,"w":36,"h":90},
	"rotated": false,
	"trimmed": false,
	"spriteSourceSize": {"x":0,"y":0,"w":36,"h":90},
	"sourceSize": {"w":36,"h":90}
},
"by2.png":
{
	"frame": {"x":381,"y":1,"w":36,"h":90},
	"rotated": false,
	"trimmed": false,
	"spriteSourceSize": {"x":0,"y":0,"w":36,"h":90},
	"sourceSize": {"w":36,"h":90}
},
"by3.png":
{
	"frame": {"x":418,"y":1,"w":36,"h":90},
	"rotated": false,
	"trimmed": false,
	"spriteSourceSize": {"x":0,"y":0,"w":36,"h":90},
	"sourceSize": {"w":36,"h":90}
},
"bz1.png":
{
	"frame": {"x":39,"y":93,"w":36,"h":90},
	"rotated": false,
	"trimmed": false,
	"spriteSourceSize": {"x":0,"y":0,"w":36,"h":90},
	"sourceSize": {"w":36,"h":90}
},
"bz2.png":
{
	"frame": {"x":77,"y":93,"w":36,"h":90},
	"rotated": false,
	"trimmed": false,
	"spriteSourceSize": {"x":0,"y":0,"w":36,"h":90},
	"sourceSize": {"w":36,"h":90}
},
"bz3.png":
{
	"frame": {"x":115,"y":93,"w":36,"h":90},
	"rotated": false,
	"trimmed": false,
	"spriteSourceSize": {"x":0,"y":0,"w":36,"h":90},
	"sourceSize": {"w":36,"h":90}
},
"ciarky.png":
{
	"frame": {"x":153,"y":93,"w":131,"h":72},
	"rotated": false,
	"trimmed": false,
	"spriteSourceSize": {"x":0,"y":0,"w":131,"h":72},
	"sourceSize": {"w":131,"h":72}
},
"first.png":
{
	"frame": {"x":1,"y":185,"w":304,"h":157},
	"rotated": false,
	"trimmed": false,
	"spriteSourceSize": {"x":0,"y":0,"w":304,"h":157},
	"sourceSize": {"w":304,"h":157}
},
"home.png":
{
	"frame": {"x":307,"y":185,"w":144,"h":144},
	"rotated": false,
	"trimmed": false,
	"spriteSourceSize": {"x":0,"y":0,"w":144,"h":144},
	"sourceSize": {"w":144,"h":144}
},
"inl1.png":
{
	"frame": {"x":1,"y":344,"w":223,"h":165},
	"rotated": false,
	"trimmed": false,
	"spriteSourceSize": {"x":0,"y":0,"w":223,"h":165},
	"sourceSize": {"w":223,"h":165}
},
"inl2.png":
{
	"frame": {"x":226,"y":344,"w":190,"h":141},
	"rotated": false,
	"trimmed": false,
	"spriteSourceSize": {"x":0,"y":0,"w":190,"h":141},
	"sourceSize": {"w":190,"h":141}
},
"nastartgombik.png":
{
	"frame": {"x":1,"y":511,"w":36,"h":37},
	"rotated": false,
	"trimmed": false,
	"spriteSourceSize": {"x":0,"y":0,"w":36,"h":37},
	"sourceSize": {"w":36,"h":37}
},
"podkocku.png":
{
	"frame": {"x":39,"y":511,"w":98,"h":98},
	"rotated": false,
	"trimmed": false,
	"spriteSourceSize": {"x":0,"y":0,"w":98,"h":98},
	"sourceSize": {"w":98,"h":98}
},
"sipka.png":
{
	"frame": {"x":139,"y":511,"w":61,"h":35},
	"rotated": false,
	"trimmed": false,
	"spriteSourceSize": {"x":0,"y":0,"w":61,"h":35},
	"sourceSize": {"w":61,"h":35}
},
"start.png":
{
	"frame": {"x":202,"y":511,"w":244,"h":85},
	"rotated": false,
	"trimmed": false,
	"spriteSourceSize": {"x":0,"y":0,"w":244,"h":85},
	"sourceSize": {"w":244,"h":85}
},
"start2.png":
{
	"frame": {"x":1,"y":611,"w":244,"h":85},
	"rotated": false,
	"trimmed": false,
	"spriteSourceSize": {"x":0,"y":0,"w":244,"h":85},
	"sourceSize": {"w":244,"h":85}
},
"stred.png":
{
	"frame": {"x":247,"y":611,"w":103,"h":104},
	"rotated": false,
	"trimmed": false,
	"spriteSourceSize": {"x":0,"y":0,"w":103,"h":104},
	"sourceSize": {"w":103,"h":104}
},
"tutsipka.png":
{
	"frame": {"x":352,"y":611,"w":46,"h":34},
	"rotated": false,
	"trimmed": false,
	"spriteSourceSize": {"x":0,"y":0,"w":46,"h":34},
	"sourceSize": {"w":46,"h":34}
}
}
}
